-- MySQL dump 10.13  Distrib 8.0.36, for macos14 (arm64)
--
-- Host: 127.0.0.1    Database: resolutepos
-- ------------------------------------------------------
-- Server version	8.3.0

/*!40101 SET @OLD_CHARACTER_SET_CLIENT=@@CHARACTER_SET_CLIENT */;
/*!40101 SET @OLD_CHARACTER_SET_RESULTS=@@CHARACTER_SET_RESULTS */;
/*!40101 SET @OLD_COLLATION_CONNECTION=@@COLLATION_CONNECTION */;
/*!50503 SET NAMES utf8 */;
/*!40103 SET @OLD_TIME_ZONE=@@TIME_ZONE */;
/*!40103 SET TIME_ZONE='+00:00' */;
/*!40014 SET @OLD_UNIQUE_CHECKS=@@UNIQUE_CHECKS, UNIQUE_CHECKS=0 */;
/*!40014 SET @OLD_FOREIGN_KEY_CHECKS=@@FOREIGN_KEY_CHECKS, FOREIGN_KEY_CHECKS=0 */;
/*!40101 SET @OLD_SQL_MODE=@@SQL_MODE, SQL_MODE='NO_AUTO_VALUE_ON_ZERO' */;
/*!40111 SET @OLD_SQL_NOTES=@@SQL_NOTES, SQL_NOTES=0 */;

--
-- Table structure for table `categories`
--

DROP TABLE IF EXISTS `categories`;
/*!40101 SET @saved_cs_client     = @@character_set_client */;
/*!50503 SET character_set_client = utf8mb4 */;
CREATE TABLE `categories` (
  `id` int NOT NULL AUTO_INCREMENT,
  `title` varchar(100) DEFAULT NULL,
  PRIMARY KEY (`id`)
) ENGINE=InnoDB AUTO_INCREMENT=6 DEFAULT CHARSET=utf8mb4 COLLATE=utf8mb4_0900_ai_ci;
/*!40101 SET character_set_client = @saved_cs_client */;

--
-- Dumping data for table `categories`
--

LOCK TABLES `categories` WRITE;
/*!40000 ALTER TABLE `categories` DISABLE KEYS */;
INSERT INTO `categories` VALUES (1,'Full Dish'),(2,'Dinner'),(3,'Lunch'),(4,'Fastfood'),(5,'Extras');
/*!40000 ALTER TABLE `categories` ENABLE KEYS */;
UNLOCK TABLES;

--
-- Table structure for table `customers`
--

DROP TABLE IF EXISTS `customers`;
/*!40101 SET @saved_cs_client     = @@character_set_client */;
/*!50503 SET character_set_client = utf8mb4 */;
CREATE TABLE `customers` (
  `phone` varchar(20) NOT NULL,
  `name` varchar(255) NOT NULL,
  `email` varchar(255) DEFAULT NULL,
  `birth_date` date DEFAULT NULL,
  `gender` enum('male','female','other') DEFAULT NULL,
  `is_member` tinyint(1) DEFAULT '0',
  `created_at` datetime DEFAULT CURRENT_TIMESTAMP,
  `update_at` datetime DEFAULT CURRENT_TIMESTAMP,
  PRIMARY KEY (`phone`)
) ENGINE=InnoDB DEFAULT CHARSET=utf8mb4 COLLATE=utf8mb4_0900_ai_ci;
/*!40101 SET character_set_client = @saved_cs_client */;

--
-- Dumping data for table `customers`
--

LOCK TABLES `customers` WRITE;
/*!40000 ALTER TABLE `customers` DISABLE KEYS */;
INSERT INTO `customers` VALUES ('1234567890','Rohan',NULL,NULL,NULL,NULL,'2024-01-23 15:26:03','2024-01-23 15:26:03'),('9876543210','Rinki Patel',NULL,NULL,'female',NULL,'2024-03-20 08:34:37','2024-03-20 08:34:37');
/*!40000 ALTER TABLE `customers` ENABLE KEYS */;
UNLOCK TABLES;

--
-- Table structure for table `invoices`
--

DROP TABLE IF EXISTS `invoices`;
/*!40101 SET @saved_cs_client     = @@character_set_client */;
/*!50503 SET character_set_client = utf8mb4 */;
CREATE TABLE `invoices` (
  `id` int NOT NULL AUTO_INCREMENT,
  `created_at` datetime DEFAULT CURRENT_TIMESTAMP,
  `sub_total` decimal(10,2) DEFAULT NULL,
  `tax_total` decimal(10,2) DEFAULT NULL,
  `total` decimal(10,2) DEFAULT NULL,
  PRIMARY KEY (`id`)
) ENGINE=InnoDB DEFAULT CHARSET=utf8mb4 COLLATE=utf8mb4_0900_ai_ci;
/*!40101 SET character_set_client = @saved_cs_client */;

--
-- Dumping data for table `invoices`
--

LOCK TABLES `invoices` WRITE;
/*!40000 ALTER TABLE `invoices` DISABLE KEYS */;
/*!40000 ALTER TABLE `invoices` ENABLE KEYS */;
UNLOCK TABLES;

--
-- Table structure for table `menu_item_addons`
--

DROP TABLE IF EXISTS `menu_item_addons`;
/*!40101 SET @saved_cs_client     = @@character_set_client */;
/*!50503 SET character_set_client = utf8mb4 */;
CREATE TABLE `menu_item_addons` (
  `id` int NOT NULL AUTO_INCREMENT,
  `item_id` int NOT NULL,
  `title` varchar(255) NOT NULL,
  `price` decimal(10,2) NOT NULL DEFAULT '0.00',
  PRIMARY KEY (`id`,`item_id`),
  KEY `fk_menu_item_idx` (`item_id`),
  KEY `fk_menu_item_idx_index` (`item_id`),
  CONSTRAINT `fk_addon_menu_item` FOREIGN KEY (`item_id`) REFERENCES `menu_items` (`id`) ON DELETE CASCADE ON UPDATE CASCADE
) ENGINE=InnoDB AUTO_INCREMENT=6 DEFAULT CHARSET=utf8mb4 COLLATE=utf8mb4_0900_ai_ci;
/*!40101 SET character_set_client = @saved_cs_client */;

--
-- Dumping data for table `menu_item_addons`
--

LOCK TABLES `menu_item_addons` WRITE;
/*!40000 ALTER TABLE `menu_item_addons` DISABLE KEYS */;
INSERT INTO `menu_item_addons` VALUES (3,5,'Green Chutney',0.50),(4,1,'Extra Cheese',4.00),(5,1,'Extra Toppings',2.50);
/*!40000 ALTER TABLE `menu_item_addons` ENABLE KEYS */;
UNLOCK TABLES;

--
-- Table structure for table `menu_item_variants`
--

DROP TABLE IF EXISTS `menu_item_variants`;
/*!40101 SET @saved_cs_client     = @@character_set_client */;
/*!50503 SET character_set_client = utf8mb4 */;
CREATE TABLE `menu_item_variants` (
  `id` int NOT NULL AUTO_INCREMENT,
  `item_id` int NOT NULL,
  `title` varchar(255) NOT NULL,
  `price` decimal(10,2) NOT NULL DEFAULT '0.00',
  PRIMARY KEY (`id`,`item_id`),
  KEY `fk_variant_menu_item_id_idx` (`item_id`),
  CONSTRAINT `fk_variant_menu_item_id` FOREIGN KEY (`item_id`) REFERENCES `menu_items` (`id`) ON DELETE CASCADE ON UPDATE CASCADE
) ENGINE=InnoDB AUTO_INCREMENT=8 DEFAULT CHARSET=utf8mb4 COLLATE=utf8mb4_0900_ai_ci;
/*!40101 SET character_set_client = @saved_cs_client */;

--
-- Dumping data for table `menu_item_variants`
--

LOCK TABLES `menu_item_variants` WRITE;
/*!40000 ALTER TABLE `menu_item_variants` DISABLE KEYS */;
INSERT INTO `menu_item_variants` VALUES (2,5,'Medium',0.25),(3,5,'Large',0.50),(5,1,'Small',5.00),(6,1,'Medium',8.50),(7,1,'Large',9.99);
/*!40000 ALTER TABLE `menu_item_variants` ENABLE KEYS */;
UNLOCK TABLES;

--
-- Table structure for table `menu_items`
--

DROP TABLE IF EXISTS `menu_items`;
/*!40101 SET @saved_cs_client     = @@character_set_client */;
/*!50503 SET character_set_client = utf8mb4 */;
CREATE TABLE `menu_items` (
  `id` int NOT NULL AUTO_INCREMENT,
  `title` varchar(255) DEFAULT NULL,
  `price` decimal(10,2) DEFAULT NULL,
  `net_price` decimal(10,2) DEFAULT NULL,
  `tax_id` int DEFAULT NULL,
  `image` varchar(2000) DEFAULT NULL,
  `category` int DEFAULT NULL,
  PRIMARY KEY (`id`)
) ENGINE=InnoDB AUTO_INCREMENT=10 DEFAULT CHARSET=utf8mb4 COLLATE=utf8mb4_0900_ai_ci;
/*!40101 SET character_set_client = @saved_cs_client */;

--
-- Dumping data for table `menu_items`
--

LOCK TABLES `menu_items` WRITE;
/*!40000 ALTER TABLE `menu_items` DISABLE KEYS */;
INSERT INTO `menu_items` VALUES (1,'Pizza',10.00,NULL,2,NULL,NULL),(3,'Sandwich',5.00,NULL,2,NULL,NULL),(4,'Vadapav',2.00,NULL,NULL,NULL,NULL),(5,'Bhel (Jain)',2.79,1.59,1,NULL,4),(7,'Idli Sambhar',50.00,NULL,2,NULL,NULL),(8,'Vada Idli Mix',60.00,30.00,2,NULL,3),(9,'Vada Sambhar',10.00,4.00,7,NULL,4);
/*!40000 ALTER TABLE `menu_items` ENABLE KEYS */;
UNLOCK TABLES;

--
-- Table structure for table `order_items`
--

DROP TABLE IF EXISTS `order_items`;
/*!40101 SET @saved_cs_client     = @@character_set_client */;
/*!50503 SET character_set_client = utf8mb4 */;
CREATE TABLE `order_items` (
  `id` int NOT NULL AUTO_INCREMENT,
  `order_id` int DEFAULT NULL,
  `item_id` int DEFAULT NULL,
  `variant_id` int DEFAULT NULL,
  `price` decimal(10,2) DEFAULT NULL,
  `quantity` int DEFAULT NULL,
  `status` enum('created','preparing','completed','cancelled','delivered') DEFAULT 'created',
  `date` datetime DEFAULT CURRENT_TIMESTAMP,
  `notes` varchar(255) DEFAULT NULL,
  `addons` mediumtext,
  PRIMARY KEY (`id`)
) ENGINE=InnoDB DEFAULT CHARSET=utf8mb4 COLLATE=utf8mb4_0900_ai_ci;
/*!40101 SET character_set_client = @saved_cs_client */;

--
-- Dumping data for table `order_items`
--

LOCK TABLES `order_items` WRITE;
/*!40000 ALTER TABLE `order_items` DISABLE KEYS */;
/*!40000 ALTER TABLE `order_items` ENABLE KEYS */;
UNLOCK TABLES;

--
-- Table structure for table `orders`
--

DROP TABLE IF EXISTS `orders`;
/*!40101 SET @saved_cs_client     = @@character_set_client */;
/*!50503 SET character_set_client = utf8mb4 */;
CREATE TABLE `orders` (
  `id` int NOT NULL AUTO_INCREMENT,
  `date` datetime DEFAULT CURRENT_TIMESTAMP,
  `delivery_type` varchar(90) DEFAULT NULL,
  `customer_type` enum('WALKIN','CUSTOMER') DEFAULT 'WALKIN',
  `customer_id` varchar(20) DEFAULT NULL,
  `table_id` int DEFAULT NULL,
  `status` enum('created','completed','cancelled') DEFAULT 'created',
  `token_no` int DEFAULT NULL,
  `payment_status` enum('pending','paid') DEFAULT 'pending',
  `invoice_id` int DEFAULT NULL,
  PRIMARY KEY (`id`)
) ENGINE=InnoDB DEFAULT CHARSET=utf8mb4 COLLATE=utf8mb4_0900_ai_ci;
/*!40101 SET character_set_client = @saved_cs_client */;

--
-- Dumping data for table `orders`
--

LOCK TABLES `orders` WRITE;
/*!40000 ALTER TABLE `orders` DISABLE KEYS */;
/*!40000 ALTER TABLE `orders` ENABLE KEYS */;
UNLOCK TABLES;

--
-- Table structure for table `payment_types`
--

DROP TABLE IF EXISTS `payment_types`;
/*!40101 SET @saved_cs_client     = @@character_set_client */;
/*!50503 SET character_set_client = utf8mb4 */;
CREATE TABLE `payment_types` (
  `id` int NOT NULL AUTO_INCREMENT,
  `title` varchar(255) DEFAULT NULL,
  `is_active` tinyint(1) DEFAULT NULL,
  PRIMARY KEY (`id`)
) ENGINE=InnoDB AUTO_INCREMENT=9 DEFAULT CHARSET=utf8mb4 COLLATE=utf8mb4_0900_ai_ci;
/*!40101 SET character_set_client = @saved_cs_client */;

--
-- Dumping data for table `payment_types`
--

LOCK TABLES `payment_types` WRITE;
/*!40000 ALTER TABLE `payment_types` DISABLE KEYS */;
INSERT INTO `payment_types` VALUES (1,'Cash',1),(2,'Credit / Debit Card',1),(7,'UPI',1),(8,'Wire Transfer',0);
/*!40000 ALTER TABLE `payment_types` ENABLE KEYS */;
UNLOCK TABLES;

--
-- Table structure for table `print_settings`
--

DROP TABLE IF EXISTS `print_settings`;
/*!40101 SET @saved_cs_client     = @@character_set_client */;
/*!50503 SET character_set_client = utf8mb4 */;
CREATE TABLE `print_settings` (
  `id` int NOT NULL AUTO_INCREMENT,
  `page_format` varchar(5) DEFAULT NULL,
  `header` varchar(2000) DEFAULT NULL,
  `footer` varchar(2000) DEFAULT NULL,
  `show_notes` tinyint(1) DEFAULT NULL,
  `is_enable_print` tinyint(1) DEFAULT NULL,
  `show_store_details` tinyint(1) DEFAULT NULL,
  `show_customer_details` tinyint(1) DEFAULT NULL,
  `print_token` tinyint(1) DEFAULT NULL,
  PRIMARY KEY (`id`)
) ENGINE=InnoDB AUTO_INCREMENT=2 DEFAULT CHARSET=utf8mb4 COLLATE=utf8mb4_0900_ai_ci;
/*!40101 SET character_set_client = @saved_cs_client */;

--
-- Dumping data for table `print_settings`
--

LOCK TABLES `print_settings` WRITE;
/*!40000 ALTER TABLE `print_settings` DISABLE KEYS */;
INSERT INTO `print_settings` VALUES (1,'80','Star A Hotels\n7, Times Square, NY.','Thanks for Ordering!\nVisit Again!',1,1,1,1,1);
/*!40000 ALTER TABLE `print_settings` ENABLE KEYS */;
UNLOCK TABLES;

--
-- Table structure for table `refresh_tokens`
--

DROP TABLE IF EXISTS `refresh_tokens`;
/*!40101 SET @saved_cs_client     = @@character_set_client */;
/*!50503 SET character_set_client = utf8mb4 */;
CREATE TABLE `refresh_tokens` (
  `username` varchar(40) NOT NULL,
  `refresh_token` varchar(500) NOT NULL,
  `device_ip` varchar(50) DEFAULT NULL,
  `device_name` varchar(255) DEFAULT NULL,
  `device_location` varchar(255) DEFAULT NULL,
  `created_at` datetime DEFAULT CURRENT_TIMESTAMP,
  `expiry` datetime DEFAULT NULL,
  `device_id` int NOT NULL AUTO_INCREMENT,
  PRIMARY KEY (`device_id`,`username`,`refresh_token`)
) ENGINE=InnoDB AUTO_INCREMENT=165 DEFAULT CHARSET=utf8mb4 COLLATE=utf8mb4_0900_ai_ci;
/*!40101 SET character_set_client = @saved_cs_client */;

--
-- Dumping data for table `refresh_tokens`
--

LOCK TABLES `refresh_tokens` WRITE;
/*!40000 ALTER TABLE `refresh_tokens` DISABLE KEYS */;
INSERT INTO `refresh_tokens` VALUES ('rina24','eyJhbGciOiJIUzI1NiIsInR5cCI6IkpXVCJ9.eyJ1c2VybmFtZSI6InJpbmEyNCIsIm5hbWUiOiJSaW5hIiwicm9sZSI6InVzZXIiLCJzY29wZSI6Ik9SREVSX1NUQVRVUyIsImlhdCI6MTcxMTAyNDQ0MywiZXhwIjoxNzEzNjE2NDQzLCJpc3MiOiJsb2NhbGhvc3QifQ.0HVT_kNMelvdKyNiMq7T3bNRHd6xGFk-JdqIH6cUWmE','::1','unknown\nBrowser: PostmanRuntime','','2024-03-21 18:04:03','2024-04-20 18:04:04',125),('nina1212','eyJhbGciOiJIUzI1NiIsInR5cCI6IkpXVCJ9.eyJ1c2VybmFtZSI6Im5pbmExMjEyIiwibmFtZSI6Ik5pbmEgV2lsbCIsInJvbGUiOiJ1c2VyIiwic2NvcGUiOm51bGwsImlhdCI6MTcxMTE5MzMzMywiZXhwIjoxNzEzNzg1MzMzLCJpc3MiOiJsb2NhbGhvc3QifQ.6kkWsEjHIaT2KdB4EqOazXudq5AQF4EfrUv-U_XflPA','::1','Apple Mac\nBrowser: Chrome','','2024-03-23 16:58:53','2024-04-22 16:58:54',135),('renny99','eyJhbGciOiJIUzI1NiIsInR5cCI6IkpXVCJ9.eyJ1c2VybmFtZSI6InJlbm55OTkiLCJuYW1lIjoiUmVubnk5OSIsInJvbGUiOiJ1c2VyIiwic2NvcGUiOiJLSVRDSEVOX0RJU1BMQVksS0lUQ0hFTiIsImlhdCI6MTcxMTE5MzM2NSwiZXhwIjoxNzEzNzg1MzY1LCJpc3MiOiJsb2NhbGhvc3QifQ.hEMsWF7w-aCIOlSIFrvBkPBVXKcBucMb9rezO_9KBb8','::1','Apple Mac\nBrowser: Chrome','','2024-03-23 16:59:25','2024-04-22 16:59:25',136),('rina24','eyJhbGciOiJIUzI1NiIsInR5cCI6IkpXVCJ9.eyJ1c2VybmFtZSI6InJpbmEyNCIsIm5hbWUiOiJSaW5hIiwicm9sZSI6InVzZXIiLCJzY29wZSI6Ik9SREVSX1NUQVRVUyIsImlhdCI6MTcxMTQxODY5MywiZXhwIjoxNzE0MDEwNjkzLCJpc3MiOiJsb2NhbGhvc3QifQ.6kB6MFt4arPGTbgolv-9mdgM4lUTpdCHjI9umISo4tc','::1','Apple Mac\nBrowser: Safari','','2024-03-26 07:34:53','2024-04-25 07:34:54',151),('admin','eyJhbGciOiJIUzI1NiIsInR5cCI6IkpXVCJ9.eyJ1c2VybmFtZSI6ImFkbWluIiwibmFtZSI6IkFkbWluIFVzZXIiLCJyb2xlIjoiYWRtaW4iLCJzY29wZSI6bnVsbCwiaWF0IjoxNzEyODQwOTI0LCJleHAiOjE3MTU0MzI5MjQsImlzcyI6Ii51aWZsb3cuaW4ifQ.MWPwciGFXknNxwv9_6FLQ-ngwTzK5h5M3bvyQRBo0Fk','::1','Apple Mac\nBrowser: Chrome','','2024-04-11 13:08:44','2024-05-11 13:08:44',163),('will24','eyJhbGciOiJIUzI1NiIsInR5cCI6IkpXVCJ9.eyJ1c2VybmFtZSI6IndpbGwyNCIsIm5hbWUiOiJNYXN0ZXIgQ2hlZiBXaWxsIiwicm9sZSI6InVzZXIiLCJzY29wZSI6IktJVENIRU4sS0lUQ0hFTl9ESVNQTEFZIiwiaWF0IjoxNzEyOTI5ODI5LCJleHAiOjE3MTU1MjE4MjksImlzcyI6Ii51aWZsb3cuaW4ifQ.aU9cGj4kunM7Nap7r4naQd2JyQbGlrBUcwxNuccmmEQ','::1','iPhone\nBrowser: Safari','','2024-04-12 13:50:29','2024-05-12 13:50:30',164);
/*!40000 ALTER TABLE `refresh_tokens` ENABLE KEYS */;
UNLOCK TABLES;

--
-- Table structure for table `reservations`
--

DROP TABLE IF EXISTS `reservations`;
/*!40101 SET @saved_cs_client     = @@character_set_client */;
/*!50503 SET character_set_client = utf8mb4 */;
CREATE TABLE `reservations` (
  `id` int NOT NULL AUTO_INCREMENT,
  `customer_id` varchar(20) DEFAULT NULL,
  `date` datetime DEFAULT NULL,
  `table_id` int DEFAULT NULL,
  `status` varchar(100) DEFAULT NULL,
  `notes` varchar(500) DEFAULT NULL,
  `people_count` int DEFAULT NULL,
  `created_at` datetime DEFAULT CURRENT_TIMESTAMP,
  `updated_at` datetime DEFAULT CURRENT_TIMESTAMP,
  `unique_code` varchar(20) DEFAULT NULL,
  PRIMARY KEY (`id`),
  UNIQUE KEY `slug_index` (`unique_code`) USING BTREE,
  KEY `INDEX` (`date`) USING BTREE,
  KEY `INDEX_CUSTOMER_SEARCH` (`customer_id`) USING BTREE
) ENGINE=InnoDB DEFAULT CHARSET=utf8mb4 COLLATE=utf8mb4_0900_ai_ci;
/*!40101 SET character_set_client = @saved_cs_client */;

--
-- Dumping data for table `reservations`
--

LOCK TABLES `reservations` WRITE;
/*!40000 ALTER TABLE `reservations` DISABLE KEYS */;
/*!40000 ALTER TABLE `reservations` ENABLE KEYS */;
UNLOCK TABLES;

--
-- Table structure for table `store_details`
--

DROP TABLE IF EXISTS `store_details`;
/*!40101 SET @saved_cs_client     = @@character_set_client */;
/*!50503 SET character_set_client = utf8mb4 */;
CREATE TABLE `store_details` (
  `id` int NOT NULL AUTO_INCREMENT,
  `store_name` varchar(255) DEFAULT NULL,
  `address` varchar(255) DEFAULT NULL,
  `phone` varchar(20) DEFAULT NULL,
  `email` varchar(255) DEFAULT NULL,
  `currency` varchar(10) DEFAULT NULL,
  `image` varchar(2000) DEFAULT NULL,
  PRIMARY KEY (`id`)
) ENGINE=InnoDB AUTO_INCREMENT=2 DEFAULT CHARSET=utf8mb4 COLLATE=utf8mb4_0900_ai_ci;
/*!40101 SET character_set_client = @saved_cs_client */;

--
-- Dumping data for table `store_details`
--

LOCK TABLES `store_details` WRITE;
/*!40000 ALTER TABLE `store_details` DISABLE KEYS */;
INSERT INTO `store_details` VALUES (1,'Star A1 Hotels','Times Square, NY','9876543210','a1restro@mail.com','USD',NULL);
/*!40000 ALTER TABLE `store_details` ENABLE KEYS */;
UNLOCK TABLES;

--
-- Table structure for table `store_tables`
--

DROP TABLE IF EXISTS `store_tables`;
/*!40101 SET @saved_cs_client     = @@character_set_client */;
/*!50503 SET character_set_client = utf8mb4 */;
CREATE TABLE `store_tables` (
  `id` int NOT NULL AUTO_INCREMENT,
  `table_title` varchar(100) DEFAULT NULL,
  `floor` varchar(50) DEFAULT NULL,
  `seating_capacity` smallint DEFAULT NULL,
  PRIMARY KEY (`id`)
) ENGINE=InnoDB AUTO_INCREMENT=13 DEFAULT CHARSET=utf8mb4 COLLATE=utf8mb4_0900_ai_ci;
/*!40101 SET character_set_client = @saved_cs_client */;

--
-- Dumping data for table `store_tables`
--

LOCK TABLES `store_tables` WRITE;
/*!40000 ALTER TABLE `store_tables` DISABLE KEYS */;
INSERT INTO `store_tables` VALUES (1,'Table 1','1st Floor',4),(2,'Table 2','1st Floor',2),(3,'Table 3','1st Floor',4),(4,'Table 4','1st Floor',4),(5,'Table 5','1st Floor',2),(6,'Table 6','1st Floor',4),(11,'Special Twin Table','-',0),(12,'Twin Star','3rd Floor',12);
/*!40000 ALTER TABLE `store_tables` ENABLE KEYS */;
UNLOCK TABLES;

--
-- Table structure for table `taxes`
--

DROP TABLE IF EXISTS `taxes`;
/*!40101 SET @saved_cs_client     = @@character_set_client */;
/*!50503 SET character_set_client = utf8mb4 */;
CREATE TABLE `taxes` (
  `id` int NOT NULL AUTO_INCREMENT,
  `title` varchar(50) DEFAULT NULL,
  `rate` double DEFAULT NULL,
  `type` enum('inclusive','exclusive','other') DEFAULT 'other',
  PRIMARY KEY (`id`)
) ENGINE=InnoDB AUTO_INCREMENT=8 DEFAULT CHARSET=utf8mb4 COLLATE=utf8mb4_0900_ai_ci;
/*!40101 SET character_set_client = @saved_cs_client */;

--
-- Dumping data for table `taxes`
--

LOCK TABLES `taxes` WRITE;
/*!40000 ALTER TABLE `taxes` DISABLE KEYS */;
INSERT INTO `taxes` VALUES (2,'GST 5',5,'inclusive'),(7,'GST 15',15,'exclusive');
/*!40000 ALTER TABLE `taxes` ENABLE KEYS */;
UNLOCK TABLES;

--
-- Table structure for table `token_sequences`
--

DROP TABLE IF EXISTS `token_sequences`;
/*!40101 SET @saved_cs_client     = @@character_set_client */;
/*!50503 SET character_set_client = utf8mb4 */;
CREATE TABLE `token_sequences` (
  `id` int NOT NULL AUTO_INCREMENT,
  `sequence_no` int DEFAULT NULL,
  `last_updated` date DEFAULT NULL,
  PRIMARY KEY (`id`)
) ENGINE=InnoDB AUTO_INCREMENT=2 DEFAULT CHARSET=utf8mb4 COLLATE=utf8mb4_0900_ai_ci;
/*!40101 SET character_set_client = @saved_cs_client */;

--
-- Dumping data for table `token_sequences`
--

LOCK TABLES `token_sequences` WRITE;
/*!40000 ALTER TABLE `token_sequences` DISABLE KEYS */;
INSERT INTO `token_sequences` VALUES (1,4,'2024-04-12');
/*!40000 ALTER TABLE `token_sequences` ENABLE KEYS */;
UNLOCK TABLES;

--
-- Table structure for table `users`
--

DROP TABLE IF EXISTS `users`;
/*!40101 SET @saved_cs_client     = @@character_set_client */;
/*!50503 SET character_set_client = utf8mb4 */;
CREATE TABLE `users` (
  `username` varchar(40) NOT NULL,
  `password` varchar(150) NOT NULL,
  `name` varchar(95) DEFAULT NULL,
  `role` enum('admin','user') DEFAULT 'user',
  `photo` varchar(2000) DEFAULT NULL,
  `designation` varchar(50) DEFAULT NULL,
  `phone` varchar(20) DEFAULT NULL,
  `email` varchar(255) DEFAULT NULL,
  `scope` varchar(2000) DEFAULT NULL,
  PRIMARY KEY (`username`)
) ENGINE=InnoDB DEFAULT CHARSET=utf8mb4 COLLATE=utf8mb4_0900_ai_ci;
/*!40101 SET character_set_client = @saved_cs_client */;

--
-- Dumping data for table `users`
--

LOCK TABLES `users` WRITE;
/*!40000 ALTER TABLE `users` DISABLE KEYS */;
INSERT INTO `users` VALUES ('admin','$2a$10$kHeIkvbv7OZdHM6RF9/HdeBmIQlXALQCcAAiw7ylBUp1hk.JQDH3y','Admin User','admin',NULL,'CEO',NULL,NULL,NULL),('cm1234','$2b$10$SUrTDjX9KDxlnb45M3TFueqryh5pY7M/X3onsU7mb0A/JA.x.ZgLW','Customer Manager','user',NULL,'Customer Manager','','','VIEW_CUSTOMERS,VIEW_RESERVATIONS,MANAGE_RESERVATIONS'),('nancy20','$2b$10$1onXYLHY5MFSLbUYGCy/jeMFgPpVwSy/ttBkYj2YxlWk0gAKbAtZ.','Nancy','user',NULL,'Manager',NULL,NULL,'DASHBOARD,REPORTS,SETTINGS'),('nina1212','$2a$10$yvd5nfYBU5UI6mGFIm/L3Oa131yTMj4MkZcHs.CcR5whcJKYqrlsK','Nina Will','user',NULL,'Receptionist',NULL,NULL,NULL),('renny99','$2b$10$P3KCK.4FAqQoc9yoDFjR3uOUWsHQsWdAG8ribDKYHl4gXu0LikxPK','Renny99','user',NULL,'Kitchen Manager',NULL,NULL,'KITCHEN_DISPLAY,KITCHEN'),('rina24','$2b$10$i26vJiEj4UjDlwR7MOGESOBXTXiKoYaifD7lQQD3gAMGztsGl3BrC','Rina','user',NULL,'Waitress',NULL,NULL,'ORDER_STATUS'),('sam12','$2b$10$l3hXmgxpizxbvAfBkbbsuO8iEXmLVtVTe8DvStiQgtOztEZafVkRi','Sam','user',NULL,'Chef',NULL,NULL,'KITCHEN_DISPLAY'),('will24','$2b$10$BLwjADv5ziWq8bdYWva2UeopjqDNVktiiB1ArT/qFdBFuZiFb0VKm','Master Chef Will','user',NULL,'Chef','98989','will@restro.app','KITCHEN,KITCHEN_DISPLAY');
/*!40000 ALTER TABLE `users` ENABLE KEYS */;
UNLOCK TABLES;
/*!40103 SET TIME_ZONE=@OLD_TIME_ZONE */;

/*!40101 SET SQL_MODE=@OLD_SQL_MODE */;
/*!40014 SET FOREIGN_KEY_CHECKS=@OLD_FOREIGN_KEY_CHECKS */;
/*!40014 SET UNIQUE_CHECKS=@OLD_UNIQUE_CHECKS */;
/*!40101 SET CHARACTER_SET_CLIENT=@OLD_CHARACTER_SET_CLIENT */;
/*!40101 SET CHARACTER_SET_RESULTS=@OLD_CHARACTER_SET_RESULTS */;
/*!40101 SET COLLATION_CONNECTION=@OLD_COLLATION_CONNECTION */;
/*!40111 SET SQL_NOTES=@OLD_SQL_NOTES */;

-- Dump completed on 2024-05-16  7:16:15
